<?xml version="1.0" encoding="utf-8" ?>
<Defs>

  <ThingDef ParentName="BenchBase">
    <defName>Gimmicks_TableCrafting</defName>
    <label>crafting table</label>
    <description>A work station for assembling tools and utilities.</description>
    <thingClass>Building_WorkTable</thingClass>
    <graphicData>
      <texPath>Tools/Workbench/CraftingTable</texPath>
      <graphicClass>Graphic_Multi</graphicClass>
      <drawSize>(3.5,1.5)</drawSize>
      <damageData>
        <cornerTL>Damage/Corner</cornerTL>
        <cornerTR>Damage/Corner</cornerTR>
        <cornerBL>Damage/Corner</cornerBL>
        <cornerBR>Damage/Corner</cornerBR>
      </damageData>
    </graphicData>
    <castEdgeShadows>true</castEdgeShadows>
    <staticSunShadowHeight>0.20</staticSunShadowHeight>
    <stuffCategories>
      <li>Metallic</li>
      <li>Stony</li>
      <li>Woody</li>
    </stuffCategories>
    <costStuffCount>100</costStuffCount>
    <costList>
      <Steel>50</Steel>
      <ComponentIndustrial>4</ComponentIndustrial>
    </costList>
    <altitudeLayer>Building</altitudeLayer>
    <fillPercent>0.5</fillPercent>
    <useHitPoints>True</useHitPoints>
    <statBases>
      <WorkToBuild>3000</WorkToBuild>
      <MaxHitPoints>180</MaxHitPoints>
      <Flammability>1.0</Flammability>
      <Cleanliness>-2</Cleanliness>
    </statBases>
    <size>(3,1)</size>
    <designationCategory>Production</designationCategory>
    <passability>PassThroughOnly</passability>
    <pathCost>70</pathCost>
    <hasInteractionCell>True</hasInteractionCell>
    <interactionCellOffset>(0,0,-1)</interactionCellOffset>
    <surfaceType>Item</surfaceType>
    <constructionSkillPrerequisite>10</constructionSkillPrerequisite>
    <recipes>
      <li>ButcherCorpseMechanoid</li>
	  <!-- <li>Make_ComponentIndustrial</li> -->
    </recipes>
    <inspectorTabs>
      <li>ITab_Bills</li>
    </inspectorTabs>
    <comps>
      <li Class="CompProperties_Flickable"/>
      <li Class="CompProperties_Glower">
        <glowRadius>5</glowRadius>
        <glowColor>(73,123,138,0)</glowColor>
      </li>
      <li Class="CompProperties_AffectedByFacilities">
        <linkableFacilities>
          <li>ToolCabinet</li>
        </linkableFacilities>
      </li>
      <li Class="CompProperties_Breakdownable"/>
    </comps>
    <building>
      <spawnedConceptLearnOpportunity>BillsTab</spawnedConceptLearnOpportunity>
    </building>
    <researchPrerequisites>
      <li>Machining</li>
    </researchPrerequisites>
    <designationHotKey>Misc7</designationHotKey>
    <placeWorkers>
      <li>PlaceWorker_ShowFacilitiesConnections</li>
    </placeWorkers>
  </ThingDef>

</Defs>