<?xml version="1.0" encoding="utf-8" ?>
<Defs>
  <!-- Belongs to Encyclopedia, How To, Coupon Book, Flowers-->
  <ThingDef Name="BaseTools_Gimmicks" Abstract="True">
    <category>Item</category>
    <thingClass>ThingWithComps</thingClass>
    <thingCategories>
      <li>Tools</li>
    </thingCategories>
    <equipmentType>Primary</equipmentType>
    <pathCost>10</pathCost>
    <useHitPoints>True</useHitPoints>
    <selectable>True</selectable>
    <graphicData>
      <onGroundRandomRotateAngle>35</onGroundRandomRotateAngle>
    </graphicData>
    <drawGUIOverlay>true</drawGUIOverlay>
    <statBases>
      <MaxHitPoints>100</MaxHitPoints>
      <Flammability>0.1</Flammability>
      <DeteriorationRate>0.5</DeteriorationRate>
      <SellPriceFactor>0.25</SellPriceFactor>
    </statBases>
    <altitudeLayer>Item</altitudeLayer>
    <alwaysHaulable>True</alwaysHaulable>
    <tickerType>Never</tickerType>
    <weaponTags>
      <li>Tools</li>
    </weaponTags>
    <comps>
      <li>
        <compClass>CompOversizedWeapon.CompOversizedWeapon</compClass>
      </li>
      <li Class="CompProperties_Forbiddable" />
      <li>
        <compClass>CompEquippable</compClass>
      </li>
      <li>
        <compClass>CompQuality</compClass>
      </li>
			<li>
				<compClass>CompForbiddable</compClass>
			</li>
    </comps>
    <inspectorTabs>
      <li>ITab_Art</li>
    </inspectorTabs>
    <stackLimit>1</stackLimit>
  </ThingDef>
  
  <!-- Belongs to Thimble, Whistle, Shovel, Screwdriver, Saw, Chefs Knife, Skinning Knife, Sickle  -->
  <ThingDef Name="BaseTools_Forged" ParentName="BaseTools_Gimmicks" Abstract="True">
    <stuffCategories>
      <li>Metallic</li>
    </stuffCategories>
    <smeltProducts>
      <Steel>5</Steel>
    </smeltProducts>
    <recipeMaker>
      <workSpeedStat>SmithingSpeed</workSpeedStat>
      <workSkill>Crafting</workSkill>
      <skillRequirements>
        <Crafting>5</Crafting>
      </skillRequirements>
      <effectWorking>Smith</effectWorking>
      <soundWorking>Recipe_Smith</soundWorking>
      <recipeUsers>
        <li>ElectricSmithy</li>
        <li>FueledSmithy</li>
		<li>Gimmicks_TableCrafting</li>
      </recipeUsers>
      <unfinishedThingDef>UnfinishedWeapon</unfinishedThingDef>
      <defaultIngredientFilter>
        <categories>
          <li>Root</li>
        </categories>
        <disallowedThingDefs>
          <li>Silver</li>
          <li>Gold</li>
          <li>Uranium</li>
        </disallowedThingDefs>
      </defaultIngredientFilter>
    </recipeMaker>
    <equippedAngleOffset>-65</equippedAngleOffset>
    <techLevel>Medieval</techLevel>
  </ThingDef>

  <!-- Belongs to Skill Saw, Power Drill -->
  <ThingDef Name="BaseTools_Machined" ParentName="BaseTools_Gimmicks" Abstract="True">
    <smeltProducts>
      <Steel>25</Steel>
      <Plasteel>25</Plasteel>
    </smeltProducts>
    <recipeMaker>
      <workSpeedStat>SmithingSpeed</workSpeedStat>
      <workSkill>Crafting</workSkill>
      <skillRequirements>
        <Crafting>7</Crafting>
      </skillRequirements>
      <effectWorking>Smith</effectWorking>
      <soundWorking>Recipe_Smith</soundWorking>
      <recipeUsers>
        <li>TableMachining</li>
		<li>Gimmicks_TableCrafting</li>
      </recipeUsers>
      <unfinishedThingDef>UnfinishedWeapon</unfinishedThingDef>
      <defaultIngredientFilter>
        <categories>
          <li>Root</li>
        </categories>
        <disallowedThingDefs>
          <li>Silver</li>
          <li>Gold</li>
          <li>Uranium</li>
        </disallowedThingDefs>
      </defaultIngredientFilter>
    </recipeMaker>
    <equippedAngleOffset>-65</equippedAngleOffset>
    <techLevel>Industrial</techLevel>
  </ThingDef>
  <!-- Belongs to Pillow -->
  <ThingDef Name="BaseTools_Tailored" ParentName="BaseTools_Gimmicks" Abstract="True">
    <stuffCategories>
      <li>Fabric</li>
      <li>Leathery</li>
    </stuffCategories>
    <recipeMaker>
      <workSpeedStat>TailoringSpeed</workSpeedStat>
      <workSkill>Crafting</workSkill>
      <skillRequirements>
        <Crafting>2</Crafting>
      </skillRequirements>
      <effectWorking>Tailor</effectWorking>
      <soundWorking>Recipe_Tailor</soundWorking>
      <recipeUsers>
        <li>ElectricTailoringBench</li>
        <li>HandTailoringBench</li>
		<li>Gimmicks_TableCrafting</li>
      </recipeUsers>
      <unfinishedThingDef>UnfinishedWeapon</unfinishedThingDef>
    </recipeMaker>
    <techLevel>Medieval</techLevel>
		<comps>
			<li>
				<compClass>CompColorable</compClass>
			</li>
		</comps>
  </ThingDef>
  <!-- Belongs to Whip, Fan -->
  <ThingDef Name="BaseTools_Crafted" ParentName="BaseTools_Gimmicks" Abstract="True">
    <recipeMaker>
      <workSpeedStat>SmithingSpeed</workSpeedStat>
      <workSkill>Crafting</workSkill>
      <skillRequirements>
        <Crafting>3</Crafting>
      </skillRequirements>
      <effectWorking>Smelt</effectWorking>
      <recipeUsers>
        <li>CraftingSpot</li>
		<li>Gimmicks_TableCrafting</li>
      </recipeUsers>
      <unfinishedThingDef>UnfinishedWeapon</unfinishedThingDef>
    </recipeMaker>
    <techLevel>Neolithic</techLevel>
  </ThingDef>
  <!-- Laptop -->
  <ThingDef Name="BaseTools_Components" ParentName="BaseTools_Gimmicks" Abstract="True">
    <smeltProducts>
      <Gold>1</Gold>
    </smeltProducts>
    <recipeMaker>
      <workSpeedStat>SmithingSpeed</workSpeedStat>
      <workSkill>Crafting</workSkill>
      <skillRequirements>
        <Crafting>9</Crafting>
      </skillRequirements>
      <effectWorking>Smelt</effectWorking>
      <recipeUsers>
        <li>FabricationBench</li>
      </recipeUsers>
      <unfinishedThingDef>UnfinishedWeapon</unfinishedThingDef>
    </recipeMaker>
    <techLevel>Spacer</techLevel>
  </ThingDef>

  <!-- ### Tailored ### -->
  <!-- Pillow -->
  <ThingDef ParentName="BaseTools_Tailored">
    <defName>Tool_Pillow</defName>
    <label>pillow</label>
    <description>Comfy and soft, helps you get a good night sleep.</description>
    <graphicData>
      <texPath>Tools/Pillow</texPath>
      <graphicClass>Graphic_Single</graphicClass>
      <drawSize>0.7</drawSize>
    </graphicData>
    <costStuffCount>25</costStuffCount>
    <costList>
      <WoolMuffalo>50</WoolMuffalo>
    </costList>
    <statBases>
      <WorkToMake>1500</WorkToMake>
      <Mass>0.5</Mass>
    </statBases>
    <equippedStatOffsets>
      <MentalBreakThreshold>-0.05</MentalBreakThreshold>
      <RestRateMultiplier>0.75</RestRateMultiplier>
    </equippedStatOffsets>
    <tools>
      <li>
        <label>featherweight</label>
        <capacities>
          <li>Blunt</li>
        </capacities>
        <power>1</power>
        <cooldownTime>3</cooldownTime>
      </li>
    </tools>
  </ThingDef>

  <!-- ### Crafted ### -->
  <!-- Whip -->
  <ThingDef ParentName="BaseTools_Crafted">
    <defName>Tool_Whip</defName>
    <label>whip</label>
    <description>A strong, flexible cord designed for stinging and restricting. Makes you feel like a movie star.</description>
    <graphicData>
      <texPath>Tools/Whip</texPath>
      <graphicClass>Graphic_Single</graphicClass>
    </graphicData>
    <costStuffCount>75</costStuffCount>
    <stuffCategories>
      <li>Leathery</li>
    </stuffCategories>
    <statBases>
      <WorkToMake>6000</WorkToMake>
      <Mass>0.8</Mass>
      <AccuracyTouch>0.75</AccuracyTouch>
      <AccuracyShort>0.80</AccuracyShort>
      <AccuracyMedium>0.25</AccuracyMedium>
      <AccuracyLong>0.1</AccuracyLong>
      <RangedWeapon_Cooldown>1.5</RangedWeapon_Cooldown>
    </statBases>
    <equippedAngleOffset Inherit="False">-25</equippedAngleOffset>
    <equippedStatOffsets>
      <TameAnimalChance>0.50</TameAnimalChance>
    </equippedStatOffsets>
    <techLevel>Neolithic</techLevel>
    <verbs>
      <li>
        <verbClass>Verb_Shoot</verbClass>
        <hasStandardCommand>true</hasStandardCommand>
        <defaultProjectile>Tool_WhipSlash</defaultProjectile>
        <warmupTime>0.9</warmupTime>
        <range>4.9</range>
        <soundCast>Shot_Autopistol</soundCast>
      </li>
    </verbs>
    <tools>
      <li>
        <label>cracker</label>
        <capacities>
          <li>Blunt</li>
        </capacities>
        <cooldownTime>1.2</cooldownTime>
        <power>9</power>
      </li>
    </tools>
  </ThingDef>

  <ThingDef ParentName="BaseProjectileNeolithic">
    <defName>Tool_WhipSlash</defName>
    <label>whip slash</label>
    <graphicData>
      <texPath>Tools/WhipSlash</texPath>
      <graphicClass>Graphic_Single</graphicClass>
	  <shaderType>TransparentPostLight</shaderType>
    </graphicData>
    <projectile>
      <damageDef>RangedStab</damageDef>
      <damageAmountBase>13</damageAmountBase>
      <speed>85</speed>
    </projectile>
  </ThingDef>

  <!-- Fan -->
  <ThingDef ParentName="BaseTools_Crafted">
    <defName>Tool_Fan</defName>
    <label>fan</label>
    <description>Keep cool and look cool doing it.</description>
    <graphicData>
      <texPath>Tools/Fan</texPath>
      <graphicClass>Graphic_Single</graphicClass>
    </graphicData>
    <costStuffCount>25</costStuffCount>
    <stuffCategories>
      <li>Fabric</li>
    </stuffCategories>
    <statBases>
      <WorkToMake>1000</WorkToMake>
      <Mass>0.2</Mass>
    </statBases>
    <equippedStatOffsets>
      <ComfyTemperatureMax>10</ComfyTemperatureMax>
    </equippedStatOffsets>
    <techLevel>Neolithic</techLevel>
    <tools>
      <li>
        <label>guard</label>
        <capacities>
          <li>Blunt</li>
        </capacities>
        <cooldownTime>1.9</cooldownTime>
        <power>2</power>
      </li>
    </tools>
  </ThingDef>

  <!-- ### Base Toolkit ### -->
  <!-- Flowers -->
  <ThingDef ParentName="BaseTools_Gimmicks">
    <defName>Tool_Flowers</defName>
    <label>bouquet</label>
    <description>A bunch of preserved flowers to make someone smile.</description>
    <graphicData>
      <texPath>Tools/Flowers</texPath>
      <graphicClass>Graphic_Single</graphicClass>
      <drawSize>0.6</drawSize>
    </graphicData>
    <statBases>
      <WorkToMake>15000</WorkToMake>
      <Mass>0.5</Mass>
    </statBases>
    <equippedAngleOffset Inherit="False">15</equippedAngleOffset>
    <equippedStatOffsets>
      <SocialImpact>0.3</SocialImpact>
      <NegotiationAbility>0.1</NegotiationAbility>
    </equippedStatOffsets>
    <techLevel>Neolithic</techLevel>
    <tools>
      <li>
        <label>thorn</label>
        <capacities>
          <li>Cut</li>
        </capacities>
        <cooldownTime>4</cooldownTime>
        <power>1</power>
      </li>
    </tools>
  </ThingDef>

  <!-- Encyclopedia -->
  <ThingDef ParentName="BaseTools_Gimmicks">
    <defName>Tool_Encyclopedia</defName>
    <label>interstellar encyclopedia</label>
    <description>A useful compilation of many facts, technologies, and histories. No need to reinvent the wheel, one of these will help speed up your research.</description>
    <graphicData>
      <texPath>Tools/Encyclopedia</texPath>
      <graphicClass>Graphic_Single</graphicClass>
    </graphicData>
    <statBases>
      <Mass>1.2</Mass>
      <MarketValue>400</MarketValue>
    </statBases>
    <equippedAngleOffset Inherit="False">-45</equippedAngleOffset>
    <equippedStatOffsets>
      <ResearchSpeed>0.33</ResearchSpeed>
    </equippedStatOffsets>
    <techLevel>Industrial</techLevel>
    <tools>
      <li>
        <label>cover</label>
        <capacities>
          <li>Blunt</li>
        </capacities>
        <cooldownTime>4</cooldownTime>
        <power>6</power>
      </li>
    </tools>
  </ThingDef>

  <!-- How To -->
  <ThingDef ParentName="BaseTools_Gimmicks">
    <defName>Tool_How_To</defName>
    <label>how to</label>
    <description>A useful book for teaching your pawns how to do it properly. Failsafe for dummies.</description>
    <graphicData>
      <texPath>Tools/How_To</texPath>
      <graphicClass>Graphic_Single</graphicClass>
    </graphicData>
    <statBases>
      <Mass>0.8</Mass>
      <MarketValue>600</MarketValue>
    </statBases>
    <equippedStatOffsets>
      <GlobalLearningFactor>0.33</GlobalLearningFactor>
    </equippedStatOffsets>
    <techLevel>Industrial</techLevel>
    <tools>
      <li>
        <label>cover</label>
        <capacities>
          <li>Blunt</li>
        </capacities>
        <cooldownTime>4</cooldownTime>
        <power>4</power>
      </li>
    </tools>
  </ThingDef>

  <!-- Coupon Book -->
  <ThingDef ParentName="BaseTools_Gimmicks">
    <defName>Tool_Coupon_Book</defName>
    <label>coupon book</label>
    <description>Save hundreds of dollars on sales, deals and more with this limited time offer. Only valid at participating traders.</description>
    <graphicData>
      <texPath>Tools/Coupon_Book</texPath>
      <graphicClass>Graphic_Single</graphicClass>
    </graphicData>
    <statBases>
      <Mass>0.8</Mass>
      <MarketValue>500</MarketValue>
    </statBases>
    <equippedAngleOffset Inherit="False">-45</equippedAngleOffset>
    <equippedStatOffsets>
      <TradePriceImprovement>0.25</TradePriceImprovement>
    </equippedStatOffsets>
    <techLevel>Industrial</techLevel>
    <tools>
      <li>
        <label>cover</label>
        <capacities>
          <li>Blunt</li>
        </capacities>
        <cooldownTime>4</cooldownTime>
        <power>1</power>
      </li>
    </tools>
  </ThingDef>

  <!-- ### Components  ### -->
  <!-- Laptop -->
  <ThingDef ParentName="BaseTools_Components">
    <defName>Tool_Laptop</defName>
    <label>notebook</label>
    <description>Comes complete with satellite hookup to the universal answer web, Dings.</description>
    <graphicData>
      <texPath>Tools/Notebook</texPath>
      <graphicClass>Graphic_Single</graphicClass>
    </graphicData>
    <costList>
      <Plasteel>25</Plasteel>
      <Gold>2</Gold>
      <ComponentIndustrial>12</ComponentIndustrial>
    </costList>
    <statBases>
      <WorkToMake>20000</WorkToMake>
      <Mass>3</Mass>
    </statBases>
    <equippedAngleOffset Inherit="False">45</equippedAngleOffset>
    <equippedStatOffsets>
      <ResearchSpeed>0.25</ResearchSpeed>
      <GlobalLearningFactor>0.1</GlobalLearningFactor>
    </equippedStatOffsets>
    <recipeMaker>
      <researchPrerequisite>MicroelectronicsBasics</researchPrerequisite>
    </recipeMaker>
    <tools>
      <li>
        <label>case</label>
        <capacities>
          <li>Blunt</li>
        </capacities>
        <cooldownTime>4</cooldownTime>
        <power>2</power>
      </li>
    </tools>
  </ThingDef>

  <!-- ### Machined ### -->
  <!-- Skill Saw  -->
  <ThingDef ParentName="BaseTools_Machined">
    <defName>Tool_Skill_Saw</defName>
    <label>skill Saw</label>
    <description>Cuts through wood like butter, cuts through butter like... well, better not try that.</description>
    <graphicData>
      <texPath>Tools/Skill_Saw</texPath>
      <graphicClass>Graphic_Single</graphicClass>
    </graphicData>
    <soundInteract>G_MotorStart</soundInteract>
    <costStuffCount>25</costStuffCount>
    <costList>
      <ComponentIndustrial>5</ComponentIndustrial>
      <Steel>25</Steel>
      <Plasteel>50</Plasteel>
    </costList>
    <statBases>
      <WorkToMake>15000</WorkToMake>
      <Mass>8</Mass>
    </statBases>
    <equippedStatOffsets>
      <PlantWorkSpeed>1</PlantWorkSpeed>
      <PlantHarvestYield>-0.25</PlantHarvestYield>
      <StonecuttingSpeed>0.25</StonecuttingSpeed>
      <SculptingSpeed>0.1</SculptingSpeed>
      <ButcheryMechanoidSpeed>0.25</ButcheryMechanoidSpeed>
    </equippedStatOffsets>
    <tools>
      <li>
        <label>handle</label>
        <capacities>
          <li>Blunt</li>
        </capacities>
        <power>4</power>
        <cooldownTime>2</cooldownTime>
      </li>
      <li>
        <label>sawteeths</label>
        <capacities>
          <li>Cut</li>
        </capacities>
        <power>35</power>
		<armorPenetration>0.5</armorPenetration>
        <cooldownTime>4</cooldownTime>
      </li>
    </tools>
  </ThingDef>

  <!-- Power Drill -->
  <ThingDef ParentName="BaseTools_Machined">
    <defName>Tool_Power_Drill</defName>
    <label>power drill</label>
    <description>The best and fastest way to build things is just to put a lot of holes in it.</description>
    <graphicData>
      <texPath>Tools/Power_Drill</texPath>
      <graphicClass>Graphic_Single</graphicClass>
    </graphicData>
    <costStuffCount>25</costStuffCount>
    <costList>
      <ComponentIndustrial>5</ComponentIndustrial>
      <Steel>25</Steel>
      <Plasteel>25</Plasteel>
    </costList>
    <statBases>
      <WorkToMake>15000</WorkToMake>
      <Mass>4</Mass>
    </statBases>
    <equippedStatOffsets>
      <ConstructionSpeed>0.33</ConstructionSpeed>
      <FixBrokenDownBuildingSuccessChance>0.1</FixBrokenDownBuildingSuccessChance>
      <ButcheryMechanoidEfficiency>0.5</ButcheryMechanoidEfficiency>
      <ButcheryMechanoidSpeed>0.25</ButcheryMechanoidSpeed>
    </equippedStatOffsets>
    <tools>
      <li>
        <label>handle</label>
        <capacities>
          <li>Blunt</li>
        </capacities>
        <power>4</power>
        <cooldownTime>2</cooldownTime>
      </li>
      <li>
        <label>drill</label>
        <capacities>
          <li>Stab</li>
        </capacities>
        <power>25</power>
        <cooldownTime>4</cooldownTime>
		<armorPenetration>0.75</armorPenetration>
      </li>
    </tools>
  </ThingDef>

  <!-- ### Forged ### -->
  <!-- Scissors -->
  <ThingDef ParentName="BaseTools_Forged">
    <defName>Tool_Scissors</defName>
    <label>scissors</label>
    <description>Sharp tailor scissors with a comfortable handle. Comes with a thimble, less poking means more sewing.</description>
    <graphicData>
      <texPath>Tools/Scissors</texPath>
      <graphicClass>Graphic_Single</graphicClass>
      <drawSize>0.8</drawSize>
    </graphicData>
    <costStuffCount>5</costStuffCount>
    <costList>
      <Steel>15</Steel>
    </costList>
    <statBases>
      <WorkToMake>3000</WorkToMake>
      <Mass>0.5</Mass>
    </statBases>
    <equippedStatOffsets>
      <TailoringSpeed>0.33</TailoringSpeed>
    </equippedStatOffsets>
    <tools>
      <li>
        <label>blade</label>
        <capacities>
          <li>Cut</li>
        </capacities>
        <power>6</power>
        <cooldownTime>2</cooldownTime>
      </li>
    </tools>
  </ThingDef>

  <!-- Whistle -->
  <ThingDef ParentName="BaseTools_Forged">
    <defName>Tool_Whistle</defName>
    <label>whistle</label>
    <description>When you blow it, you can't hear anything. But animals can!</description>
    <graphicData>
      <texPath>Tools/Whistle</texPath>
      <graphicClass>Graphic_Single</graphicClass>
      <drawSize>0.5</drawSize>
    </graphicData>
	<stuffCategories Inherit="False" />
    <costList>
      <Steel>15</Steel>
    </costList>
    <statBases>
      <WorkToMake>2000</WorkToMake>
      <Mass>0.02</Mass>
    </statBases>
    <equippedStatOffsets>
      <TrainAnimalChance>0.5</TrainAnimalChance>
    </equippedStatOffsets>
    <tools>
      <li>
        <label>body</label>
        <capacities>
          <li>Blunt</li>
        </capacities>
        <power>2</power>
        <cooldownTime>2</cooldownTime>
      </li>
    </tools>
  </ThingDef>

  <!-- Screwdriver -->
  <ThingDef ParentName="BaseTools_Forged">
    <defName>Tool_Screwdriver</defName>
    <label>magnetic screwdriver</label>
    <description>Greatly improves the sturdiness and ease of constructing.</description>
    <graphicData>
      <texPath>Tools/Screwdriver</texPath>
      <graphicClass>Graphic_Single</graphicClass>
      <shaderType>CutoutComplex</shaderType>
      <drawSize>0.8</drawSize>
    </graphicData>
    <costStuffCount>20</costStuffCount>
    <costList>
      <WoodLog>5</WoodLog>
      <Steel>5</Steel>
    </costList>
    <statBases>
      <WorkToMake>4000</WorkToMake>
      <Mass>0.1</Mass>
    </statBases>
    <equippedStatOffsets>
      <WorkSpeedGlobal>0.1</WorkSpeedGlobal>
      <ConstructSuccessChance>0.5</ConstructSuccessChance>
      <FixBrokenDownBuildingSuccessChance>0.25</FixBrokenDownBuildingSuccessChance>
    </equippedStatOffsets>
    <tools>
      <li>
        <label>handle</label>
        <capacities>
          <li>Blunt</li>
        </capacities>
        <power>1</power>
        <cooldownTime>1</cooldownTime>
      </li>
      <li>
        <label>point</label>
        <capacities>
          <li>Stab</li>
        </capacities>
        <power>7</power>
        <cooldownTime>2.2</cooldownTime>
      </li>
    </tools>
  </ThingDef>

  <!-- ### Forged Sharp ### -->
  <!-- Saw -->
  <ThingDef ParentName="BaseTools_Forged">
    <defName>Tool_Saw</defName>
    <label>foxtail</label>
    <description>A saw used for cutting down trees, but not planting them.</description>
    <graphicData>
      <texPath>Tools/HandSaw</texPath>
      <graphicClass>Graphic_Single</graphicClass>
      <shaderType>CutoutComplex</shaderType>
      <drawSize>0.9</drawSize>
    </graphicData>
    <costStuffCount>40</costStuffCount>
    <costList>
      <WoodLog>10</WoodLog>
    </costList>
    <statBases>
      <WorkToMake>12000</WorkToMake>
      <Mass>0.8</Mass>
    </statBases>
    <equippedAngleOffset Inherit="False">-65</equippedAngleOffset>
    <equippedStatOffsets>
      <WorkSpeedGlobal>0.05</WorkSpeedGlobal>
      <PlantWorkSpeed>0.33</PlantWorkSpeed>
    </equippedStatOffsets>
    <tools>
      <li>
        <label>handle</label>
        <capacities>
          <li>Blunt</li>
        </capacities>
        <power>2</power>
        <cooldownTime>1.25</cooldownTime>
      </li>
      <li>
        <label>edge</label>
        <capacities>
          <li>Cut</li>
        </capacities>
        <power>14</power>
        <cooldownTime>2.5</cooldownTime>
      </li>
    </tools>
  </ThingDef>

  <!-- Chefs Knife -->
  <ThingDef ParentName="BaseTools_Forged">
    <defName>Tool_Chefs_Knife</defName>
    <label>chef's knife</label>
    <description>A sharp knife with a keen edge, curved for easy chopping of vegetables.</description>
    <graphicData>
      <texPath>Tools/Chefs_Knife</texPath>
      <graphicClass>Graphic_Single</graphicClass>
      <shaderType>CutoutComplex</shaderType>
      <drawSize>0.8</drawSize>
    </graphicData>
    <costStuffCount>25</costStuffCount>
    <costList>
      <WoodLog>15</WoodLog>
      <Steel>10</Steel>
    </costList>
    <statBases>
      <WorkToMake>9000</WorkToMake>
      <Mass>0.6</Mass>
    </statBases>
    <equippedAngleOffset Inherit="False">25</equippedAngleOffset>
    <equippedStatOffsets>
      <CookSpeed>0.33</CookSpeed>
      <FoodPoisonChance>-0.2</FoodPoisonChance>
      <ButcheryFleshEfficiency>0.1</ButcheryFleshEfficiency>
    </equippedStatOffsets>
    <tools>
      <li>
        <label>handle</label>
        <capacities>
          <li>Blunt</li>
        </capacities>
        <power>5</power>
        <cooldownTime>3.5</cooldownTime>
      </li>
      <li>
        <label>edge</label>
        <capacities>
          <li>Cut</li>
        </capacities>
        <power>10</power>
        <cooldownTime>1.75</cooldownTime>
      </li>
      <li>
        <label>point</label>
        <capacities>
          <li>Stab</li>
        </capacities>
        <power>12</power>
        <cooldownTime>1.75</cooldownTime>
      </li>
    </tools>
  </ThingDef>

  <!-- Skinning Knife -->
  <ThingDef ParentName="BaseTools_Forged">
    <defName>Tool_Skinning_Knife</defName>
    <label>skinning Knife</label>
    <description>A thin bladed flexible knife, designed to swiftly and efficiently remove skin from a carcass.</description>
    <graphicData>
      <texPath>Tools/Skinning_Knife</texPath>
      <graphicClass>Graphic_Single</graphicClass>
      <shaderType>CutoutComplex</shaderType>
      <drawSize>0.8</drawSize>
    </graphicData>
    <costStuffCount>25</costStuffCount>
    <costList>
      <WoodLog>15</WoodLog>
      <Steel>10</Steel>
    </costList>
    <statBases>
      <WorkToMake>9000</WorkToMake>
      <Mass>0.6</Mass>
    </statBases>
    <equippedAngleOffset Inherit="False">25</equippedAngleOffset>
    <equippedStatOffsets>
      <AnimalGatherSpeed>0.33</AnimalGatherSpeed>
      <AnimalGatherYield>0.2</AnimalGatherYield>
      <ButcheryFleshEfficiency>0.1</ButcheryFleshEfficiency>
    </equippedStatOffsets>
    <tools>
      <li>
        <label>handle</label>
        <capacities>
          <li>Blunt</li>
        </capacities>
        <power>3</power>
        <cooldownTime>1.75</cooldownTime>
      </li>
      <li>
        <label>edge</label>
        <capacities>
          <li>Cut</li>
        </capacities>
        <power>10</power>
        <cooldownTime>1.75</cooldownTime>
      </li>
      <li>
        <label>point</label>
        <capacities>
          <li>Stab</li>
        </capacities>
        <power>13</power>
        <cooldownTime>1.75</cooldownTime>
      </li>
    </tools>
  </ThingDef>

  <!-- Sickle -->
  <ThingDef ParentName="BaseTools_Forged">
    <defName>Tool_Sickle</defName>
    <label>sickle</label>
    <description>A sharp curved hook, used for gathering plants and harvesting grains since thousands of years.</description>
    <graphicData>
      <texPath>Tools/Sickle</texPath>
      <graphicClass>Graphic_Single</graphicClass>
      <shaderType>CutoutComplex</shaderType>
      <drawSize>0.7</drawSize>
    </graphicData>
    <costStuffCount>25</costStuffCount>
    <costList>
      <WoodLog>5</WoodLog>
      <Steel>5</Steel>
    </costList>
    <statBases>
      <WorkToMake>11000</WorkToMake>
      <Mass>0.4</Mass>
    </statBases>
    <equippedAngleOffset Inherit="False">-15</equippedAngleOffset>
    <equippedStatOffsets>
      <PlantHarvestYield>0.33</PlantHarvestYield>
      <PlantWorkSpeed>0.1</PlantWorkSpeed>
    </equippedStatOffsets>
    <tools>
      <li>
        <label>handle</label>
        <capacities>
          <li>Blunt</li>
        </capacities>
        <power>3</power>
        <cooldownTime>1.25</cooldownTime>
      </li>
      <li>
        <label>edge</label>
        <capacities>
          <li>Cut</li>
        </capacities>
        <power>7</power>
        <cooldownTime>1.75</cooldownTime>
      </li>
      <li>
        <label>point</label>
        <capacities>
          <li>Stab</li>
        </capacities>
        <power>8</power>
        <cooldownTime>1.75</cooldownTime>
      </li>
    </tools>
  </ThingDef>

  <!-- Shovel -->
  <ThingDef ParentName="BaseTools_Forged">
    <defName>Tool_Shovel</defName>
    <label>shovel</label>
    <description>A digging tool that makes moving earth much easier.</description>
    <graphicData>
      <texPath>Tools/Shovel</texPath>
      <graphicClass>Graphic_Single</graphicClass>
      <shaderType>CutoutComplex</shaderType>
    </graphicData>
    <costStuffCount>40</costStuffCount>
    <costList>
      <WoodLog>25</WoodLog>
      <Steel>10</Steel>
    </costList>
    <statBases>
      <WorkToMake>5000</WorkToMake>
      <Mass>1</Mass>
    </statBases>
    <equippedStatOffsets>
      <PlantWorkSpeed>0.15</PlantWorkSpeed>
      <PlantHarvestYield>0.15</PlantHarvestYield>
      <MiningSpeed>0.15</MiningSpeed>
    </equippedStatOffsets>
    <tools>
      <li>
        <label>handle</label>
        <capacities>
          <li>Blunt</li>
        </capacities>
        <power>6</power>
        <cooldownTime>1.5</cooldownTime>
      </li>
      <li>
        <label>edge</label>
        <capacities>
          <li>Cut</li>
        </capacities>
        <power>9</power>
        <cooldownTime>2.0</cooldownTime>
      </li>
      <li>
        <label>point</label>
        <capacities>
          <li>Stab</li>
        </capacities>
        <power>12</power>
        <cooldownTime>2.0</cooldownTime>
      </li>
      <li>
        <label>head</label>
        <capacities>
          <li>Blunt</li>
        </capacities>
        <power>14</power>
        <cooldownTime>2.5</cooldownTime>
      </li>
    </tools>
  </ThingDef>

  <!-- Smartphone -->
	<ThingDef>
		<defName>Tool_Smartphone</defName>
		<label>smartphone</label>
		<description>Smartphones make communications easier, are cheap, and widely available, but your pawns might have problems letting go. This exclusive version comes with a cyberware interface with multiport adapter, global hook detection, a cargobyte mpX list, and beats earphones, to make the day more enjoyable.\n\nPawns don't want to use this as a weapon, it counts as their equipment though.</description>
		<graphicData>
			<texPath>Tools/Smartphone</texPath>
			<graphicClass>Graphic_Single</graphicClass>
			<drawSize>0.6</drawSize>
		</graphicData>
		<thingClass>Apparel</thingClass>
		<category>Item</category>
		<selectable>True</selectable>
		<pathCost>10</pathCost>
		<useHitPoints>True</useHitPoints>
		<drawGUIOverlay>true</drawGUIOverlay>
		<altitudeLayer>Item</altitudeLayer>
		<alwaysHaulable>True</alwaysHaulable>
		<tickerType>Never</tickerType>
		<techLevel>Industrial</techLevel>
		<generateCommonality>0</generateCommonality>
		<soundInteract>G_CellPhone</soundInteract>
		<costList>
			<Plasteel>25</Plasteel>
			<Gold>5</Gold>
			<ComponentIndustrial>8</ComponentIndustrial>
		</costList>
		<statBases>
			<MaxHitPoints>100</MaxHitPoints>
			<Flammability>0.5</Flammability>
			<DeteriorationRate>0.1</DeteriorationRate>
			<SellPriceFactor>0.4</SellPriceFactor>
			<EquipDelay>0.5</EquipDelay>
			<WorkToMake>27500</WorkToMake>
			<Mass>0.2</Mass>
		</statBases>
		<equippedStatOffsets>
			<WorkSpeedGlobal>0.2</WorkSpeedGlobal>
			<GlobalLearningFactor>0.1</GlobalLearningFactor>
			<SocialImpact>0.05</SocialImpact>
			<HuntingStealth>-0.25</HuntingStealth>
		</equippedStatOffsets>
		<recipeMaker>
			<researchPrerequisite>MicroelectronicsBasics</researchPrerequisite>
			<workSpeedStat>SmithingSpeed</workSpeedStat>
			<workSkill>Crafting</workSkill>
			<effectWorking>Smith</effectWorking>
			<soundWorking>Recipe_Smith</soundWorking>
			<unfinishedThingDef>UnfinishedBelt</unfinishedThingDef>
			<skillRequirements>
				<Crafting>9</Crafting>
			</skillRequirements>
			<recipeUsers>
				<li>FabricationBench</li>
			</recipeUsers>
		</recipeMaker>
		<apparel>
			<bodyPartGroups>
				<li>Waist</li>
			</bodyPartGroups>
			<layers>
				<li>Belt</li>
			</layers>
			<tags>
				<li>Toolbelt</li>
			</tags>
		</apparel>
		<comps>
			<li>
				<compClass>CompOversizedWeapon.CompOversizedWeapon</compClass>
			</li>
			<li>
				<compClass>CompForbiddable</compClass>
			</li>
		</comps>
		<thingCategories>
			<li>Tools</li>
		</thingCategories>
	</ThingDef>

</Defs>